{
    "1": {
        "id": 1,
        "name": "战士",
        "des": "",
        "initSkill": 1001,
        "skill": [
            1001,
            1002,
            1003,
            1004
        ],
        "skillUnlockLv": [
            1,
            2,
            3,
            4
        ]
    },
    "2": {
        "id": 2,
        "name": "法师",
        "des": "",
        "initSkill": 1101,
        "skill": [
            1101,
            1102,
            1103,
            1104
        ],
        "skillUnlockLv": [
            1,
            2,
            3,
            4
        ]
    }
}