{
    "1001": {
        "id": 1001,
        "name": "金币",
        "type": 0,
        "num": 1
    },
    "1101": {
        "id": 1101,
        "name": "攻击之爪",
        "type": 1,
        "num": 10
    },
    "1102": {
        "id": 1102,
        "name": "阔剑",
        "type": 1,
        "num": 12
    },
    "1103": {
        "id": 1103,
        "name": "大剑",
        "type": 1,
        "num": 14
    },
    "1104": {
        "id": 1104,
        "name": "秘银锤",
        "type": 1,
        "num": 20
    },
    "1105": {
        "id": 1105,
        "name": "大炮",
        "type": 1,
        "num": 50
    },
    "1106": {
        "id": 1106,
        "name": "金箍棒",
        "type": 1,
        "num": 100
    },
    "1107": {
        "id": 1107,
        "name": "圣剑",
        "type": 1,
        "num": 300
    },
    "1201": {
        "id": 1201,
        "name": "锁子甲",
        "type": 2,
        "num": 5
    },
    "1202": {
        "id": 1202,
        "name": "铁意头盔",
        "type": 2,
        "num": 8
    },
    "1203": {
        "id": 1203,
        "name": "板甲",
        "type": 2,
        "num": 10
    },
    "1204": {
        "id": 1204,
        "name": "强袭",
        "type": 2,
        "num": 15
    },
    "1301": {
        "id": 1301,
        "name": "流浪法师斗篷",
        "type": 3,
        "num": 15
    },
    "1302": {
        "id": 1302,
        "name": "挑战头巾",
        "type": 3,
        "num": 25
    },
    "1303": {
        "id": 1303,
        "name": "卡德加的烟斗",
        "type": 3,
        "num": 35
    },
    "1401": {
        "id": 1401,
        "name": "力量手套",
        "type": 4,
        "num": 20
    },
    "1402": {
        "id": 1402,
        "name": "护腕",
        "type": 4,
        "num": 30
    },
    "1403": {
        "id": 1403,
        "name": "恐鳌之心",
        "type": 4,
        "num": 50
    },
    "1501": {
        "id": 1501,
        "name": "智力斗篷",
        "type": 5,
        "num": 20
    },
    "1502": {
        "id": 1502,
        "name": "空灵挂件",
        "type": 5,
        "num": 30
    },
    "1503": {
        "id": 1503,
        "name": "神秘法杖",
        "type": 5,
        "num": 50
    },
    "1601": {
        "id": 1601,
        "name": "治疗药膏",
        "type": 6,
        "num": 100
    },
    "1602": {
        "id": 1602,
        "name": "药树",
        "type": 6,
        "num": 50
    },
    "1701": {
        "id": 1701,
        "name": "魔法药水",
        "type": 7,
        "num": 60
    }
}