{
    "1": {
        "id": 1,
        "mapId": 1,
        "mapId2": 2,
        "x": 1,
        "y": 41,
        "x2": 46,
        "y2": 40
    },
    "2": {
        "id": 2,
        "mapId": 1,
        "mapId2": 3,
        "x": 18,
        "y": 7,
        "x2": 9,
        "y2": 17
    },
    "3": {
        "id": 3,
        "mapId": 2,
        "mapId2": 1,
        "x": 48,
        "y": 42,
        "x2": 4,
        "y2": 38
    },
    "4": {
        "id": 4,
        "mapId": 3,
        "mapId2": 1,
        "x": 2,
        "y": 17,
        "x2": 15,
        "y2": 8
    }
}