{
    "101": {
        "id": 101,
        "mapId": 1,
        "monsterId": 2,
        "x": 40,
        "y": 3,
        "x2": 49,
        "y2": 5
    },
    "102": {
        "id": 102,
        "mapId": 1,
        "monsterId": 1,
        "x": 10,
        "y": 20,
        "x2": 6,
        "y2": 18
    },
    "103": {
        "id": 103,
        "mapId": 1,
        "monsterId": 2,
        "x": 12,
        "y": 20,
        "x2": 16,
        "y2": 18
    },
    "104": {
        "id": 104,
        "mapId": 1,
        "monsterId": 1,
        "x": 4,
        "y": 4,
        "x2": 4,
        "y2": 9
    },
    "105": {
        "id": 105,
        "mapId": 1,
        "monsterId": 2,
        "x": 3,
        "y": 6,
        "x2": 7,
        "y2": 9
    },
    "106": {
        "id": 106,
        "mapId": 1,
        "monsterId": 3,
        "x": 8,
        "y": 2,
        "x2": 4,
        "y2": 3
    },
    "107": {
        "id": 107,
        "mapId": 1,
        "monsterId": 1,
        "x": 75,
        "y": 66,
        "x2": 74,
        "y2": 62
    },
    "201": {
        "id": 201,
        "mapId": 2,
        "monsterId": 1,
        "x": 23,
        "y": 45,
        "x2": 27,
        "y2": 37
    },
    "202": {
        "id": 202,
        "mapId": 2,
        "monsterId": 1,
        "x": 26,
        "y": 45,
        "x2": 20,
        "y2": 39
    },
    "203": {
        "id": 203,
        "mapId": 2,
        "monsterId": 2,
        "x": 7,
        "y": 26,
        "x2": 19,
        "y2": 29
    },
    "204": {
        "id": 204,
        "mapId": 2,
        "monsterId": 1,
        "x": 7,
        "y": 24,
        "x2": 12,
        "y2": 19
    },
    "205": {
        "id": 205,
        "mapId": 2,
        "monsterId": 1,
        "x": 10,
        "y": 26,
        "x2": 6,
        "y2": 18
    },
    "206": {
        "id": 206,
        "mapId": 2,
        "monsterId": 1,
        "x": 37,
        "y": 6,
        "x2": 28,
        "y2": 4
    },
    "207": {
        "id": 207,
        "mapId": 2,
        "monsterId": 2,
        "x": 39,
        "y": 7,
        "x2": 38,
        "y2": 16
    },
    "208": {
        "id": 208,
        "mapId": 2,
        "monsterId": 3,
        "x": 40,
        "y": 5,
        "x2": 46,
        "y2": 3
    },
    "301": {
        "id": 301,
        "mapId": 3,
        "monsterId": 1,
        "x": 5,
        "y": 3,
        "x2": 5,
        "y2": 3
    },
    "302": {
        "id": 302,
        "mapId": 3,
        "monsterId": 2,
        "x": 8,
        "y": 3,
        "x2": 8,
        "y2": 3
    },
    "303": {
        "id": 303,
        "mapId": 3,
        "monsterId": 3,
        "x": 11,
        "y": 3,
        "x2": 11,
        "y2": 3
    },
    "304": {
        "id": 304,
        "mapId": 3,
        "monsterId": 1,
        "x": 13,
        "y": 3,
        "x2": 13,
        "y2": 3
    },
    "305": {
        "id": 305,
        "mapId": 3,
        "monsterId": 2,
        "x": 15,
        "y": 3,
        "x2": 15,
        "y2": 3
    }
}