{
    "1": {
        "id": 1,
        "name": "无害小怪怪",
        "skill": [
            1001
        ],
        "hp": 100,
        "mp": 100,
        "attack": 5,
        "armor_p": 20,
        "armor_m": 20,
        "items": [
            [
                80,
                1001,
                2
            ],
            [
                50,
                1101,
                1
            ]
        ],
        "exp": 1,
        "range": 300
    },
    "2": {
        "id": 2,
        "name": "狡猾的野怪首领",
        "skill": [
            1101,
            1003,
            1004
        ],
        "hp": 150,
        "mp": 100,
        "attack": 20,
        "armor_p": 20,
        "armor_m": 20,
        "items": [
            [
                80,
                1001,
                2
            ],
            [
                80,
                1101,
                1
            ],
            [
                50,
                1302,
                1
            ]
        ],
        "exp": 3,
        "range": 500
    },
    "3": {
        "id": 3,
        "name": "危险的地狱领者",
        "skill": [
            1001,
            1003,
            1004,
            1103
        ],
        "hp": 500,
        "mp": 200,
        "attack": 50,
        "armor_p": 30,
        "armor_m": 50,
        "items": [
            [
                100,
                1001,
                10
            ],
            [
                80,
                1105,
                1
            ],
            [
                50,
                1107,
                1
            ]
        ],
        "exp": 10,
        "range": 500
    }
}