{
    "1001": {
        "id": 1001,
        "shopId": 1,
        "itemId": 1601,
        "gold": 15
    },
    "1002": {
        "id": 1002,
        "shopId": 1,
        "itemId": 1602,
        "gold": 10
    },
    "1003": {
        "id": 1003,
        "shopId": 1,
        "itemId": 1701,
        "gold": 15
    },
    "2001": {
        "id": 2001,
        "shopId": 2,
        "itemId": 1101,
        "gold": 10
    },
    "2002": {
        "id": 2002,
        "shopId": 2,
        "itemId": 1102,
        "gold": 15
    },
    "2003": {
        "id": 2003,
        "shopId": 2,
        "itemId": 1103,
        "gold": 20
    },
    "2004": {
        "id": 2004,
        "shopId": 2,
        "itemId": 1104,
        "gold": 25
    },
    "2005": {
        "id": 2005,
        "shopId": 2,
        "itemId": 1105,
        "gold": 50
    },
    "2006": {
        "id": 2006,
        "shopId": 2,
        "itemId": 1106,
        "gold": 150
    },
    "2007": {
        "id": 2007,
        "shopId": 2,
        "itemId": 1107,
        "gold": 200
    },
    "2008": {
        "id": 2008,
        "shopId": 2,
        "itemId": 1201,
        "gold": 15
    },
    "2009": {
        "id": 2009,
        "shopId": 2,
        "itemId": 1202,
        "gold": 20
    },
    "2010": {
        "id": 2010,
        "shopId": 2,
        "itemId": 1203,
        "gold": 25
    },
    "2011": {
        "id": 2011,
        "shopId": 2,
        "itemId": 1204,
        "gold": 30
    },
    "2012": {
        "id": 2012,
        "shopId": 2,
        "itemId": 1301,
        "gold": 20
    },
    "2013": {
        "id": 2013,
        "shopId": 2,
        "itemId": 1302,
        "gold": 60
    },
    "2014": {
        "id": 2014,
        "shopId": 2,
        "itemId": 1303,
        "gold": 100
    },
    "2015": {
        "id": 2015,
        "shopId": 2,
        "itemId": 1401,
        "gold": 20
    },
    "2016": {
        "id": 2016,
        "shopId": 2,
        "itemId": 1402,
        "gold": 30
    },
    "2017": {
        "id": 2017,
        "shopId": 2,
        "itemId": 1403,
        "gold": 50
    },
    "2018": {
        "id": 2018,
        "shopId": 2,
        "itemId": 1501,
        "gold": 20
    },
    "2019": {
        "id": 2019,
        "shopId": 2,
        "itemId": 1502,
        "gold": 30
    },
    "2020": {
        "id": 2020,
        "shopId": 2,
        "itemId": 1503,
        "gold": 50
    },
    "3001": {
        "id": 3001,
        "shopId": 3,
        "itemId": 1602,
        "gold": 15
    },
    "3002": {
        "id": 3002,
        "shopId": 3,
        "itemId": 1701,
        "gold": 20
    },
    "3003": {
        "id": 3003,
        "shopId": 3,
        "itemId": 1102,
        "gold": 18
    },
    "3004": {
        "id": 3004,
        "shopId": 3,
        "itemId": 1201,
        "gold": 18
    },
    "3005": {
        "id": 3005,
        "shopId": 3,
        "itemId": 1502,
        "gold": 32
    }
}