{
    "1001": {
        "id": 1001,
        "name": "重击",
        "cd": 1,
        "damage": 0,
        "targetType": 4,
        "targetDistance": 200,
        "mpCost": 1,
        "range": 0
    },
    "1002": {
        "id": 1002,
        "name": "奋力一跳",
        "cd": 3,
        "damage": 1,
        "targetType": 2,
        "targetDistance": 400,
        "mpCost": 1,
        "range": 150
    },
    "1003": {
        "id": 1003,
        "name": "神圣治疗",
        "cd": 6,
        "damage": 1,
        "targetType": 3,
        "targetDistance": 200,
        "mpCost": 1,
        "range": 0
    },
    "1004": {
        "id": 1004,
        "name": "强攻",
        "cd": 10,
        "damage": 1,
        "targetType": 1,
        "targetDistance": 0,
        "mpCost": 2,
        "range": 300
    },
    "1101": {
        "id": 1101,
        "name": "窒息之刃",
        "cd": 1,
        "damage": 0,
        "targetType": 4,
        "targetDistance": 500,
        "mpCost": 1,
        "range": 0
    },
    "1102": {
        "id": 1102,
        "name": "生命魔链",
        "cd": 3,
        "damage": 1,
        "targetType": 3,
        "targetDistance": 200,
        "mpCost": 1,
        "range": 300
    },
    "1103": {
        "id": 1103,
        "name": "雷神之锤",
        "cd": 6,
        "damage": 1,
        "targetType": 4,
        "targetDistance": 350,
        "mpCost": 1,
        "range": 100
    },
    "1104": {
        "id": 1104,
        "name": "火吻大地",
        "cd": 10,
        "damage": 1,
        "targetType": 2,
        "targetDistance": 400,
        "mpCost": 1,
        "range": 0
    }
}